酒場のマスコットホーク,210,0,1,1
ホールマスターホーク,210,4,1,0
吟遊詩人,210,0,1,3
灰色の魔神ホーク,210,6,1,0
海辺のホーク,210,0,1,3
危機脱出ホーク,210,0,2,0
ストライプ水着,210,4,0,3
トトホーク,210,0,2,1
応援団の帽子,210,1,3,0
村の偵察ホーク,210,0,1,1
八つ裂きウサギホーク,210,2,1,0
移動型酒場の酒樽ホーク,210,2,2,0
ホークママの酒場ホーク,210,0,1,2
鎧の騎士ホーク,210,0,2,1
花の豚ダンサーホーク,210,0,1,2
チキン・マタンゴホーク,210,4,1,2
残飯処理騎士団ホーク,210,0,2,2