鎧の騎士,210,1,0,0
移動型酒場の酒樽,210,0,0,1
マスコット,210,0,0,2
吟遊詩人,210,3,0,1
残飯処理騎士団,210,0,0,4
ドロシーの衣装,210,3,0,0
危機脱出,210,2,0,0
チキン・マタンゴ,210,1.5,0,1.5
応援団のブルーエンジェル,210,3,0,0
花の豚ダンサー,210,4,0,0
赤き魔神,210,2,0,2
レッドホルタービキニ,210,4,3,0
応援団のレッドエンジェル,210,0,1,2
八つ裂きウサギ,210,0,2,1
ホールマスター,210,0,4,1
キューティーガール,210,2,0,1