聖騎士の鎧,210,0,4,2
墜落した影の侵食,210,0,6,1
ブラックビキニ,210,0,6,1
無限のマナ,210,2,4,0
過去の痕跡,210,2,0,2
魔術研究科,210,0,4,0
午後の休息,210,0,0,2
大魔術師,210,2,0,0
ミント色の応援服,210,1,3,0
赤色の制服のガイド,210,1,3,0
青風の応援服,210,0,3,1
ヒーロースーツ,210,3,0,1
太陽の騎士団の制服,210,0,3,2
看板娘,210,0,2,1
暗黒の炎,210,2,0,1
ロイヤルメイド,210,0,4,1
恋のハンター,210,7,0,0