浮浪者,210,0,4,0
グラディエーター,210,0,0,2
黒いファージャケット,210,4,0,0
黒い翼,210,2,0,2
赤い闘士,210,0,4,2
ブラックスリムスーツ,210,0,1,2
孤独な隊長,210,1.5,0,1.5
お気に入りの服,210,2,0,0
料理人,210,1.5,0,1.5
暗中の牙,210,2,0,2
レッドジャケット戦闘服,210,2,2,0
ランスロットのフード,210,0,2,2
ヒーロースーツ,210,4,0,0
新しい妖精王,210,0,2,1
ホールマスター,210,0,4,1
ぬいぐるみ泥棒,210,2,0,1
ミツバチのアンデット,210,7,0,0