常闇の棺の欠片,210,2,0,0
騎士を斬る剣,210,0,2,0
バレンタインのプレゼント,210,1,3,0
雪だるまの短剣,210,0,1,3
リズの短剣(Alter.),210,6,0,0
水に浮かぶ剣,210,0,1,3
血を吸う剣,210,5,0,0
盟約の短剣,210,0,1,3
ダナフォールの名剣,210,0,1,1
魔力吸収の短剣,210,2,1,0
赤い鍵,210,0,2,1
ゴールデンウイング,210,0,1,2
王を斬る剣,210,0,1,2
東洋の宝石,210,2,2,0
鬼短剣,210,4,1,0
デーモンルーン,210,6,1,0
神を斬る剣,210,0,2,2
ブラッドソード,210,4,1,2