妖精王の力,210,0,2,1
バンデット,210,0,4,0
聖騎士の鎧,210,0,0,2
一般人は買えない服,210,2,0,0
強欲の罪(フォックス・シン)の鎧,210,0,4,2
ミント色の応援服,210,1,3,0
冬のコック,210,3,0,0
青風の応援服,210,0,3,1
墜落した影の侵食,210,0,6,1
クールな秋男,210,2,4,0
レンジャー隊長,210,2,0,2
ヒーロースーツ,210,4,0,0
ランスロットのフード,210,0,2,2
ジェントルなウェイター,210,0,4,1
青い力の結晶,210,2,0,1