酒場のマスター,1650,2,0,0
動きやすいスタイル,1650,0,2,1
いたずらっ子のメガネ,1650,0,3,1
ミント色の応援帽子,1650,2,0,2
紳士の帽子,1650,0,3,0
サンタのひげ,1650,2,0,2
おしゃれメガネ,1650,4,0,0
夜の貴族の羽飾り,1650,5,0,0
憤怒のバンダナ,1650,0,1,3
豚の帽子亭のバンダナ,1650,6,1,0
勇者のヘアバンド,1650,1,4,0
クェックェッ,1650,2,1,0
抑制された力,1650,0,1,1
授業時間,1650,0,1,2
ビジネスマン,1650,4,1,0