ミント色の応援服,210,1,3,0
バレンタインの思い出,210,2,0,2
ロイヤルメイド,210,1.5,0,1.5
墜落した影の侵食,210,4,0,2
水色のドレス,210,0,0,2
普段着,210,2,0,0
ほかほか冬着,210,2,2,0
夢見るパジャマ,210,0,6,0
ピンリボンのホルターネック,210,0,4,0
100日星夜のドレス,210,5,0,1
蒼き雪華の祝福,210,2,2,0
女神の使徒,210,4,0,0
ドルイドの巫女,210,0,4,2
王女のドレス,210,2,0,2
ホールのマスコット,210,1,0,1
青い空,210,0,2,1
アンティークドレス,210,0,4,1
リオネスの英雄,210,2,0,1
聖なる衣装,210,7,0,0
楽しい旅行,210,0,6,1