燕尾服,210,4,0,0
墜落した影の侵食,210,0,6,1
ネコの魔女の服,210,3,0,1
ストライプシャツ,210,0,8,0
色欲の罪(ゴート・シン)の鎧,210,0,0,4
普段着,210,0,4,0
看板娘,210,1.5,0,1.5
聖騎士の鎧,210,0,0,2
雪だるまのボタン,210,2,0,0
森の射手,210,1.5,0,1.5
見習い魔女の服,210,2,2,0
ミント色の応援服,210,1,3,0
青風の応援服,210,0,3,1
ヒーロースーツ,210,4,0,0
おでかけコーデ,210,0,2,1
ホールマスター,210,0,4,1
黒い燕尾服,210,2,0,1
ぴょんぴょん衣装,210,7,0,0