霊槍シャスティフォル,210,4,0,0
木槍シャスティフォル,210,4,1,0
魔法のバルーン槍,210,2,2,0
墜落した影の魔力,210,0,2,2
真の誓い,210,2,0,3
魔槍シャスティフォル,210,0,2,0
神樹シャスティフォル,210,0,1,2
霊槍シャスティフォル(Alter.),210,6,0,0
茎の創,210,1,0,4
月槍シャスティフォル,210,2,1,0
神聖シャスティフォル,210,2,2,0
星光シャスティフォル,210,0,2,1
ハロウィンの夜の街頭,210,7,0,0
暗黒シャスティフォル,210,0,2,2